customer_id,age,gender,subscription_tenure_months,monthly_charges,num_support_tickets,payment_method,plan,region,churn
CUST1000,56,Female,41,36.99,0,Bank Transfer,Standard,South,1
CUST1001,46,Male,6,76.89,2,PayPal,Standard,South,1
CUST1002,32,Male,25,14.33,0,Credit Card,Premium,West,0
CUST1003,60,Female,13,91.26,1,Bank Transfer,Premium,West,1
CUST1004,25,Male,53,86.7,0,Bank Transfer,Basic,East,0
CUST1005,38,Female,34,70.1,3,PayPal,Basic,South,1
CUST1006,56,Male,8,63.39,2,Credit Card,Standard,South,0
CUST1007,36,Female,21,90.31,1,Credit Card,Premium,North,0
CUST1008,40,Female,34,26.68,1,Credit Card,Premium,North,0
CUST1009,28,Male,4,17.11,3,Bank Transfer,Premium,North,1
CUST1010,28,Male,25,31.56,1,PayPal,Standard,East,0
CUST1011,41,Male,15,81.51,1,PayPal,Standard,West,0
CUST1012,53,Male,4,13.12,1,Credit Card,Basic,East,0
CUST1013,57,Non-Binary,45,62.45,2,Bank Transfer,Basic,South,0
CUST1014,41,Male,60,99.59,1,Credit Card,Standard,West,0
CUST1015,20,Female,12,87.01,0,PayPal,Standard,North,0
CUST1016,39,Male,32,56.93,1,Bank Transfer,Standard,East,0
CUST1017,19,Female,32,15.73,2,Credit Card,Standard,East,1
CUST1018,41,Female,28,84.82,1,Credit Card,Basic,North,1
CUST1019,61,Female,13,63.91,0,Bank Transfer,Standard,East,0
CUST1020,47,Female,31,20.34,5,PayPal,Basic,North,1
CUST1021,55,Male,14,18.45,2,Bank Transfer,Standard,South,1
CUST1022,19,Male,20,91.87,0,Credit Card,Standard,West,1
CUST1023,38,Non-Binary,18,70.23,3,Credit Card,Standard,South,0
CUST1024,50,Female,29,84.64,3,Credit Card,Premium,South,0
CUST1025,29,Non-Binary,60,89.11,0,Credit Card,Basic,North,0
CUST1026,39,Male,6,61.46,2,PayPal,Standard,East,0
CUST1027,61,Female,32,56.57,1,PayPal,Standard,South,0
CUST1028,42,Non-Binary,29,48.74,1,Credit Card,Standard,South,0
CUST1029,44,Male,43,38.53,2,PayPal,Premium,South,0
CUST1030,59,Male,2,49.11,2,PayPal,Standard,East,0
CUST1031,45,Female,60,79.65,0,PayPal,Premium,East,0
CUST1032,33,Female,23,64.17,1,Credit Card,Basic,North,0
CUST1033,32,Female,19,90.33,0,Bank Transfer,Premium,South,0
CUST1034,64,Male,31,49.9,1,Bank Transfer,Basic,West,0
CUST1035,61,Female,51,64.64,3,Bank Transfer,Premium,East,0
CUST1036,20,Male,5,66.82,0,Credit Card,Standard,North,0
CUST1037,54,Male,19,63.25,2,PayPal,Standard,South,1
CUST1038,24,Male,34,73.24,3,PayPal,Standard,West,1
CUST1039,38,Female,10,31.37,4,Credit Card,Premium,East,1
CUST1040,26,Female,25,56.11,1,Credit Card,Basic,West,1
CUST1041,56,Female,2,19.38,3,Bank Transfer,Standard,East,1
CUST1042,35,Male,11,44.61,0,Bank Transfer,Premium,North,1
CUST1043,21,Female,50,53.89,5,Credit Card,Standard,West,1
CUST1044,42,Male,31,68.7,3,Bank Transfer,Basic,South,1
CUST1045,31,Female,56,95.55,2,PayPal,Standard,South,0
CUST1046,26,Male,15,64.06,0,Credit Card,Standard,East,0
CUST1047,43,Male,9,76.92,1,Credit Card,Premium,South,0
CUST1048,19,Female,23,55.56,0,PayPal,Standard,West,0
CUST1049,37,Male,19,67.07,2,PayPal,Standard,North,1
CUST1050,45,Female,9,16.38,0,PayPal,Premium,East,1
CUST1051,64,Female,35,32.9,0,Bank Transfer,Standard,West,0
CUST1052,24,Male,21,42.57,2,Credit Card,Basic,East,1
CUST1053,61,Female,9,52.52,2,Bank Transfer,Basic,North,0
CUST1054,25,Male,28,14.11,1,PayPal,Standard,East,0
CUST1055,64,Female,46,22.6,2,Bank Transfer,Basic,South,0
CUST1056,52,Non-Binary,51,34.91,1,PayPal,Premium,South,0
CUST1057,31,Female,7,97.44,1,Bank Transfer,Standard,East,1
CUST1058,34,Male,16,39.82,1,Bank Transfer,Basic,North,0
CUST1059,53,Non-Binary,16,53.38,4,PayPal,Standard,North,1
CUST1060,57,Female,60,27.65,0,Bank Transfer,Standard,South,0
CUST1061,21,Male,33,64.97,2,Credit Card,Premium,North,1
CUST1062,19,Male,4,35.26,0,Bank Transfer,Premium,East,0
CUST1063,23,Female,4,28.63,1,Bank Transfer,Standard,West,0
CUST1064,59,Female,39,56.49,1,Credit Card,Standard,East,0
CUST1065,21,Female,40,10.5,1,PayPal,Standard,South,1
CUST1066,46,Female,17,10.69,1,Credit Card,Standard,South,0
CUST1067,35,Female,37,29.72,5,Bank Transfer,Basic,South,0
CUST1068,43,Male,39,13.3,1,PayPal,Basic,North,0
CUST1069,61,Male,60,19.72,1,Bank Transfer,Standard,East,0
CUST1070,51,Male,52,40.5,0,Bank Transfer,Basic,West,0
CUST1071,27,Female,29,82.23,3,Credit Card,Basic,East,0
CUST1072,53,Male,52,61.48,2,Credit Card,Standard,West,0
CUST1073,31,Female,36,56.14,0,PayPal,Basic,East,0
CUST1074,48,Female,60,36.41,1,PayPal,Standard,South,0
CUST1075,65,Female,38,93.86,0,PayPal,Standard,West,1
CUST1076,32,Male,39,45.73,2,Bank Transfer,Premium,East,0
CUST1077,25,Female,50,17.84,1,Credit Card,Standard,North,0
CUST1078,31,Male,37,65.54,1,Credit Card,Basic,North,0
CUST1079,40,Female,52,20.25,3,Credit Card,Standard,East,0
CUST1080,57,Male,35,41.07,3,PayPal,Premium,South,0
CUST1081,38,Male,7,55.67,4,Credit Card,Premium,West,0
CUST1082,33,Female,27,88.68,2,Credit Card,Standard,East,1
CUST1083,62,Male,28,54.42,1,Credit Card,Standard,North,0
CUST1084,35,Male,22,73.2,3,PayPal,Premium,West,1
CUST1085,64,Female,14,99.35,0,Credit Card,Basic,North,1
CUST1086,41,Female,7,21.83,5,PayPal,Standard,North,1
CUST1087,43,Female,37,34.73,0,Credit Card,Standard,East,0
CUST1088,42,Female,22,45.51,2,Credit Card,Basic,North,0
CUST1089,62,Female,5,47.96,2,Credit Card,Standard,West,1
CUST1090,58,Male,55,46.99,3,PayPal,Basic,South,1
CUST1091,46,Male,2,91.68,1,PayPal,Standard,East,1
CUST1092,32,Male,27,74.26,2,Credit Card,Premium,West,0
CUST1093,62,Non-Binary,21,64.71,2,Bank Transfer,Basic,East,1
CUST1094,18,Female,54,37.84,1,PayPal,Premium,North,0
CUST1095,42,Male,38,84.14,0,PayPal,Basic,North,0
CUST1096,24,Female,15,95.96,5,Credit Card,Standard,West,1
CUST1097,26,Non-Binary,21,83.91,2,Bank Transfer,Basic,West,0
CUST1098,41,Male,10,10.14,0,Credit Card,Premium,South,0
CUST1099,18,Female,23,67.28,1,PayPal,Standard,West,0
CUST1100,61,Female,58,14.6,3,PayPal,Standard,West,0
CUST1101,25,Female,56,33.18,0,Credit Card,Premium,East,0
CUST1102,41,Male,39,15.36,0,Credit Card,Standard,North,0
CUST1103,28,Female,5,64.34,1,Bank Transfer,Premium,West,1
CUST1104,34,Non-Binary,1,71.79,4,Bank Transfer,Standard,South,0
CUST1105,25,Female,13,20.3,2,PayPal,Premium,West,1
CUST1106,52,Female,21,44.55,1,Bank Transfer,Standard,North,1
CUST1107,52,Non-Binary,26,51.06,2,Bank Transfer,Basic,West,1
CUST1108,50,Female,50,43.21,4,PayPal,Standard,East,0
CUST1109,22,Male,45,20.89,0,PayPal,Basic,North,0
CUST1110,59,Female,21,47.71,1,PayPal,Standard,West,0
CUST1111,56,Female,53,77.61,4,PayPal,Standard,East,0
CUST1112,58,Male,18,16.39,1,Credit Card,Standard,North,0
CUST1113,45,Female,37,17.22,0,PayPal,Basic,West,0
CUST1114,24,Non-Binary,45,41.93,1,PayPal,Basic,East,1
CUST1115,26,Non-Binary,32,94.76,1,PayPal,Standard,South,0
CUST1116,25,Female,36,70.17,0,Bank Transfer,Premium,East,0
CUST1117,29,Male,17,71.08,0,PayPal,Standard,South,0
CUST1118,51,Non-Binary,35,42.57,4,Credit Card,Standard,West,1
CUST1119,50,Female,49,63.43,2,Credit Card,Standard,East,0
CUST1120,65,Male,60,10.91,1,PayPal,Standard,South,1
CUST1121,40,Non-Binary,11,67.25,1,Credit Card,Basic,North,1
CUST1122,41,Female,21,92.2,1,Bank Transfer,Standard,East,0
CUST1123,54,Female,52,65.13,0,PayPal,Basic,West,0
CUST1124,52,Female,55,88.63,1,Credit Card,Premium,North,0
CUST1125,61,Male,53,75.16,2,Credit Card,Basic,South,1
CUST1126,57,Male,26,20.85,0,PayPal,Standard,East,1
CUST1127,39,Male,4,91.22,1,Credit Card,Basic,East,1
CUST1128,44,Female,34,15.98,2,PayPal,Basic,West,1
CUST1129,52,Male,52,58.06,2,Credit Card,Standard,North,0
CUST1130,18,Male,48,22.79,1,Bank Transfer,Basic,East,0
CUST1131,52,Male,60,11.05,1,Credit Card,Basic,East,0
CUST1132,54,Female,18,47.98,1,Credit Card,Standard,North,0
CUST1133,64,Non-Binary,40,36.55,1,PayPal,Basic,East,0
CUST1134,31,Male,35,53.74,1,Credit Card,Basic,North,0
CUST1135,20,Male,41,61.95,3,PayPal,Premium,North,1
CUST1136,18,Female,29,13.94,2,Bank Transfer,Standard,North,1
CUST1137,22,Female,52,21.07,4,PayPal,Premium,West,0
CUST1138,43,Male,29,60.28,2,PayPal,Premium,North,0
CUST1139,31,Female,38,40.89,2,Credit Card,Standard,North,0
CUST1140,56,Male,42,75.63,2,Bank Transfer,Basic,South,1
CUST1141,44,Male,21,68.71,2,PayPal,Standard,South,0
CUST1142,26,Female,42,86.1,0,Credit Card,Premium,West,0
CUST1143,32,Male,13,72.32,1,Credit Card,Standard,North,0
CUST1144,32,Non-Binary,49,48.69,2,PayPal,Standard,South,0
CUST1145,43,Male,41,70.57,1,Credit Card,Basic,South,1
CUST1146,59,Female,17,34.78,1,PayPal,Premium,East,0
CUST1147,30,Female,56,37.57,1,PayPal,Standard,North,0
CUST1148,49,Male,9,81.01,1,PayPal,Premium,South,1
CUST1149,56,Female,41,50.18,1,Bank Transfer,Basic,West,1
CUST1150,49,Male,1,81.85,0,PayPal,Basic,East,0
CUST1151,21,Non-Binary,2,84.02,2,Credit Card,Basic,East,0
CUST1152,47,Male,60,87.18,2,Bank Transfer,Standard,North,0
CUST1153,54,Male,48,92.5,2,Credit Card,Basic,North,1
CUST1154,40,Male,29,48.79,0,Bank Transfer,Basic,East,1
CUST1155,56,Non-Binary,33,38.7,3,Bank Transfer,Premium,West,0
CUST1156,62,Female,10,62.4,1,Bank Transfer,Basic,North,0
CUST1157,32,Female,50,43.41,0,Bank Transfer,Premium,North,0
CUST1158,60,Male,58,64.1,1,Credit Card,Standard,East,0
CUST1159,46,Female,60,73.5,1,PayPal,Premium,East,0
CUST1160,53,Male,40,71.96,4,Credit Card,Standard,North,0
CUST1161,30,Female,21,43.71,1,PayPal,Premium,South,0
CUST1162,49,Male,28,25.02,0,Credit Card,Premium,North,0
CUST1163,24,Male,11,48.75,2,Bank Transfer,Basic,South,1
CUST1164,39,Male,55,22.83,1,Bank Transfer,Basic,East,0
CUST1165,45,Female,34,90.11,1,PayPal,Basic,South,0
CUST1166,19,Female,8,41.13,1,PayPal,Standard,West,0
CUST1167,59,Male,59,23.9,1,Credit Card,Premium,East,0
CUST1168,62,Female,22,12.29,1,PayPal,Standard,North,0
CUST1169,23,Female,8,68.12,3,Credit Card,Standard,North,1
CUST1170,45,Female,49,67.32,1,PayPal,Basic,East,1
CUST1171,45,Male,15,40.65,0,PayPal,Premium,East,0
CUST1172,61,Male,17,16.45,0,PayPal,Premium,West,0
CUST1173,61,Female,60,46.87,1,Bank Transfer,Basic,East,0
CUST1174,37,Male,23,38.01,3,Bank Transfer,Standard,North,0
CUST1175,47,Male,24,70.94,0,Credit Card,Basic,West,1
CUST1176,28,Female,45,64.52,0,PayPal,Standard,North,0
CUST1177,45,Non-Binary,19,42.81,2,Credit Card,Standard,South,0
CUST1178,42,Male,5,29.61,0,PayPal,Basic,East,1
CUST1179,56,Male,32,98.92,0,Bank Transfer,Standard,South,0
CUST1180,50,Female,44,50.86,1,Bank Transfer,Standard,North,0
CUST1181,18,Male,1,71.94,0,PayPal,Standard,South,1
CUST1182,44,Male,23,22.65,1,PayPal,Standard,South,0
CUST1183,30,Male,37,53.7,1,Bank Transfer,Basic,North,1
CUST1184,58,Female,8,12.48,0,Bank Transfer,Standard,North,0
CUST1185,20,Female,13,55.49,2,Credit Card,Standard,East,1
CUST1186,56,Male,8,96.76,1,Bank Transfer,Standard,South,0
CUST1187,23,Male,57,44.58,1,PayPal,Basic,West,0
CUST1188,25,Male,23,13.51,3,Credit Card,Standard,West,0
CUST1189,44,Female,43,12.79,0,PayPal,Premium,North,0
CUST1190,26,Male,1,44.92,0,Credit Card,Basic,North,1
CUST1191,54,Male,45,24.4,3,PayPal,Standard,South,0
CUST1192,50,Female,51,12.1,1,Bank Transfer,Basic,North,0
CUST1193,59,Male,24,78.06,3,PayPal,Standard,West,1
CUST1194,61,Female,35,51.27,2,Credit Card,Basic,East,1
CUST1195,41,Male,24,36.03,4,PayPal,Standard,East,0
CUST1196,32,Male,17,91.01,2,Credit Card,Standard,South,0
CUST1197,49,Male,5,20.45,4,PayPal,Standard,East,1
CUST1198,49,Female,20,96.03,1,Bank Transfer,Standard,North,1
CUST1199,41,Female,21,38.26,1,Bank Transfer,Standard,North,0
CUST1200,58,Female,40,89.96,3,PayPal,Standard,North,0
CUST1201,29,Male,58,64.26,2,PayPal,Basic,North,0
CUST1202,56,Female,31,84.4,0,PayPal,Basic,South,0
CUST1203,19,Male,46,98.56,0,Credit Card,Premium,East,0
CUST1204,20,Male,36,35.96,1,PayPal,Basic,West,1
CUST1205,54,Female,11,96.5,2,PayPal,Standard,East,1
CUST1206,34,Male,52,45.05,1,Credit Card,Premium,North,0
CUST1207,19,Male,15,44.7,3,Bank Transfer,Basic,West,0
CUST1208,19,Male,19,40.63,3,PayPal,Standard,South,1
CUST1209,45,Male,7,58.73,0,PayPal,Standard,North,0
CUST1210,40,Male,51,23.87,0,Bank Transfer,Premium,North,0
CUST1211,54,Female,28,59.83,2,Bank Transfer,Premium,West,0
CUST1212,49,Male,51,58.75,4,Credit Card,Standard,South,0
CUST1213,50,Female,43,78.57,1,PayPal,Basic,West,0
CUST1214,18,Female,58,85.03,0,PayPal,Standard,South,0
CUST1215,36,Male,5,49.64,1,Credit Card,Standard,North,0
CUST1216,19,Male,5,37.21,1,Bank Transfer,Standard,East,0
CUST1217,61,Male,30,33.34,2,Credit Card,Basic,North,0
CUST1218,43,Female,54,27.52,1,Bank Transfer,Basic,East,0
CUST1219,49,Male,32,15.19,2,Credit Card,Standard,East,0
CUST1220,23,Female,8,40.82,0,Bank Transfer,Standard,South,1
CUST1221,49,Male,10,34.32,2,Credit Card,Standard,West,1
CUST1222,21,Female,38,96.98,4,Bank Transfer,Standard,South,0
CUST1223,28,Male,47,60.19,3,Bank Transfer,Premium,North,0
CUST1224,34,Male,32,41.25,0,Bank Transfer,Standard,West,1
CUST1225,55,Non-Binary,48,62.24,2,Bank Transfer,Basic,East,0
CUST1226,41,Female,28,22.53,2,Bank Transfer,Basic,East,1
CUST1227,22,Male,17,49.96,1,PayPal,Basic,North,1
CUST1228,51,Female,31,66.36,0,Bank Transfer,Premium,West,0
CUST1229,23,Female,8,54.0,2,PayPal,Standard,North,0
CUST1230,39,Female,40,46.16,2,Bank Transfer,Standard,North,0
CUST1231,28,Female,25,99.45,0,PayPal,Standard,South,0
CUST1232,65,Male,9,89.23,1,PayPal,Standard,North,1
CUST1233,33,Male,2,66.11,3,Credit Card,Premium,West,1
CUST1234,50,Male,15,61.24,2,Bank Transfer,Standard,North,0
CUST1235,26,Female,50,65.86,0,Credit Card,Basic,West,0
CUST1236,23,Female,3,28.12,0,Credit Card,Basic,East,1
CUST1237,33,Male,49,45.56,2,Bank Transfer,Standard,North,0
CUST1238,46,Male,36,13.55,1,Credit Card,Premium,West,0
CUST1239,20,Female,4,52.8,1,Bank Transfer,Standard,East,0
CUST1240,37,Non-Binary,14,58.87,3,Credit Card,Premium,West,0
CUST1241,53,Female,41,30.5,2,Bank Transfer,Standard,East,1
CUST1242,36,Male,41,96.76,0,Bank Transfer,Basic,South,1
CUST1243,43,Male,25,91.85,0,Bank Transfer,Basic,North,0
CUST1244,20,Male,58,74.99,2,PayPal,Basic,North,1
CUST1245,36,Non-Binary,55,58.0,0,Credit Card,Standard,East,0
CUST1246,37,Male,50,88.3,3,PayPal,Basic,South,0
CUST1247,49,Female,10,21.76,1,Credit Card,Standard,West,1
CUST1248,24,Male,21,81.15,1,Credit Card,Standard,South,0
CUST1249,58,Female,36,21.23,3,Credit Card,Standard,West,1
CUST1250,50,Female,12,81.48,1,PayPal,Basic,West,1
CUST1251,57,Female,27,34.82,0,Credit Card,Standard,North,0
CUST1252,56,Male,40,88.94,4,PayPal,Standard,East,0
CUST1253,35,Male,2,94.96,1,Bank Transfer,Standard,North,0
CUST1254,57,Male,54,23.39,3,Credit Card,Premium,North,0
CUST1255,18,Non-Binary,13,51.64,1,Credit Card,Basic,North,0
CUST1256,28,Female,53,98.29,3,Bank Transfer,Premium,West,0
CUST1257,45,Female,32,53.51,1,Bank Transfer,Standard,North,1
CUST1258,42,Female,31,87.72,0,Credit Card,Standard,West,0
CUST1259,40,Female,16,62.99,1,Bank Transfer,Standard,East,0
CUST1260,48,Male,32,43.78,2,PayPal,Standard,West,0
CUST1261,47,Non-Binary,32,35.72,1,PayPal,Basic,West,0
CUST1262,59,Male,60,28.29,0,Credit Card,Standard,South,0
CUST1263,52,Male,34,78.56,1,PayPal,Standard,North,0
CUST1264,24,Female,11,44.79,1,PayPal,Standard,North,0
CUST1265,33,Male,10,56.01,2,Credit Card,Standard,North,1
CUST1266,43,Male,15,54.31,3,Bank Transfer,Premium,North,1
CUST1267,65,Female,17,61.96,5,Credit Card,Standard,South,1
CUST1268,19,Male,40,87.9,3,PayPal,Basic,South,1
CUST1269,18,Female,18,98.27,2,Credit Card,Standard,South,1
CUST1270,65,Male,55,46.68,3,Credit Card,Standard,South,0
CUST1271,29,Male,9,84.48,2,PayPal,Standard,North,0
CUST1272,22,Male,25,78.81,2,PayPal,Standard,West,0
CUST1273,54,Male,40,61.62,1,Credit Card,Premium,East,0
CUST1274,49,Female,59,96.04,1,PayPal,Basic,South,1
CUST1275,26,Male,14,28.04,1,PayPal,Standard,West,0
CUST1276,58,Female,60,19.83,4,PayPal,Premium,South,0
CUST1277,52,Female,58,86.86,3,PayPal,Premium,North,0
CUST1278,36,Female,25,49.52,1,PayPal,Standard,North,1
CUST1279,65,Non-Binary,50,86.23,1,PayPal,Premium,West,0
CUST1280,33,Female,22,90.38,3,Bank Transfer,Basic,West,1
CUST1281,20,Male,52,15.62,1,Credit Card,Premium,West,0
CUST1282,37,Male,30,89.51,1,PayPal,Standard,North,0
CUST1283,41,Male,20,50.35,1,Credit Card,Basic,North,1
CUST1284,50,Female,21,55.94,1,Bank Transfer,Basic,East,1
CUST1285,41,Male,44,66.39,0,PayPal,Standard,West,0
CUST1286,28,Female,32,93.37,3,Credit Card,Basic,East,0
CUST1287,25,Female,51,11.72,1,PayPal,Standard,South,1
CUST1288,53,Male,46,52.92,0,PayPal,Basic,East,0
CUST1289,55,Female,49,71.89,2,PayPal,Basic,South,0
CUST1290,57,Male,56,75.04,1,PayPal,Standard,South,0
CUST1291,37,Male,21,72.33,2,PayPal,Standard,East,1
CUST1292,52,Female,35,22.1,1,PayPal,Standard,West,0
CUST1293,65,Female,58,36.95,2,PayPal,Standard,South,0
CUST1294,42,Female,32,42.28,0,Bank Transfer,Premium,West,0
CUST1295,52,Male,30,82.4,2,Bank Transfer,Standard,North,0
CUST1296,42,Male,55,35.09,1,PayPal,Standard,South,0
CUST1297,46,Female,39,28.96,2,PayPal,Standard,North,0
CUST1298,35,Female,49,96.17,3,Bank Transfer,Basic,East,1
CUST1299,63,Female,12,10.8,1,Bank Transfer,Basic,West,0
CUST1300,35,Male,41,99.8,2,Bank Transfer,Standard,East,0
CUST1301,19,Female,47,70.91,1,PayPal,Premium,South,0
CUST1302,52,Male,18,84.56,3,Credit Card,Basic,North,1
CUST1303,33,Male,21,36.52,1,Credit Card,Basic,South,1
CUST1304,58,Non-Binary,13,11.29,1,Credit Card,Basic,East,1
CUST1305,53,Male,21,76.41,1,Credit Card,Premium,West,0
CUST1306,50,Non-Binary,8,85.07,1,PayPal,Standard,West,0
CUST1307,21,Male,46,76.64,0,Credit Card,Basic,South,1
CUST1308,50,Male,40,22.86,1,Bank Transfer,Standard,South,1
CUST1309,31,Female,46,77.81,1,Bank Transfer,Standard,North,0
CUST1310,38,Female,7,79.2,1,Credit Card,Standard,East,1
CUST1311,65,Female,23,69.27,1,Bank Transfer,Basic,South,1
CUST1312,37,Female,44,78.95,3,PayPal,Premium,North,0
CUST1313,25,Female,32,86.13,0,Credit Card,Standard,South,0
CUST1314,24,Female,11,65.22,1,Credit Card,Standard,West,1
CUST1315,20,Female,22,17.97,2,PayPal,Basic,North,1
CUST1316,34,Male,22,53.89,0,Bank Transfer,Standard,North,0
CUST1317,50,Female,43,16.99,2,PayPal,Standard,South,0
CUST1318,65,Male,25,46.68,1,PayPal,Standard,East,0
CUST1319,29,Non-Binary,22,46.64,3,Bank Transfer,Basic,West,1
CUST1320,39,Non-Binary,28,15.94,1,PayPal,Standard,East,0
CUST1321,39,Male,29,41.39,4,Bank Transfer,Basic,North,1
CUST1322,63,Female,13,19.99,0,Bank Transfer,Standard,East,1
CUST1323,47,Non-Binary,18,82.74,2,PayPal,Premium,North,1
CUST1324,55,Male,2,95.29,1,Bank Transfer,Standard,East,0
CUST1325,55,Female,29,16.51,1,PayPal,Standard,South,1
CUST1326,62,Non-Binary,21,95.96,6,Bank Transfer,Standard,East,1
CUST1327,25,Male,15,57.03,2,Credit Card,Standard,North,0
CUST1328,44,Female,52,36.96,1,Bank Transfer,Premium,West,0
CUST1329,44,Male,27,16.92,2,Bank Transfer,Basic,West,1
CUST1330,51,Non-Binary,50,55.06,5,PayPal,Standard,West,1
CUST1331,38,Non-Binary,31,81.51,1,Bank Transfer,Standard,North,1
CUST1332,47,Non-Binary,15,73.64,3,Credit Card,Standard,East,0
CUST1333,50,Female,51,14.52,1,Credit Card,Standard,West,0
CUST1334,45,Female,23,16.56,1,Bank Transfer,Standard,West,0
CUST1335,64,Female,24,46.26,0,Bank Transfer,Premium,West,0
CUST1336,50,Male,44,36.58,3,Credit Card,Premium,South,0
CUST1337,22,Female,13,30.91,3,PayPal,Standard,North,0
CUST1338,65,Male,22,35.29,2,Credit Card,Standard,North,0
CUST1339,36,Female,43,82.31,1,Credit Card,Premium,North,0
CUST1340,21,Male,37,93.63,1,Bank Transfer,Basic,North,0
CUST1341,52,Male,33,46.46,2,Bank Transfer,Basic,North,0
CUST1342,34,Male,56,91.55,0,Credit Card,Standard,South,0
CUST1343,61,Female,3,38.93,0,PayPal,Premium,East,1
CUST1344,45,Male,54,52.88,2,Credit Card,Premium,South,0
CUST1345,47,Female,19,30.34,2,Credit Card,Standard,West,0
CUST1346,46,Male,23,67.64,2,PayPal,Basic,South,0
CUST1347,63,Male,29,98.11,0,Credit Card,Standard,North,0
CUST1348,23,Female,30,64.31,0,Credit Card,Basic,South,1
CUST1349,52,Female,39,42.2,1,Bank Transfer,Basic,North,1
CUST1350,58,Male,44,68.3,2,PayPal,Standard,South,1
CUST1351,54,Female,47,21.06,0,Bank Transfer,Basic,North,0
CUST1352,41,Female,25,89.98,1,Bank Transfer,Premium,West,0
CUST1353,46,Female,37,55.28,1,PayPal,Standard,North,0
CUST1354,63,Male,47,50.44,3,PayPal,Standard,South,0
CUST1355,48,Male,8,62.73,0,Credit Card,Basic,West,1
CUST1356,52,Female,42,66.23,0,Bank Transfer,Standard,South,1
CUST1357,50,Male,58,16.46,1,PayPal,Basic,West,1
CUST1358,38,Female,16,71.44,2,Bank Transfer,Premium,East,1
CUST1359,49,Female,8,31.77,1,Bank Transfer,Premium,East,1
CUST1360,40,Non-Binary,1,74.26,4,PayPal,Standard,East,1
CUST1361,50,Female,44,84.03,2,Credit Card,Basic,South,1
CUST1362,20,Non-Binary,5,82.36,0,Bank Transfer,Premium,South,0
CUST1363,35,Male,3,59.73,1,PayPal,Standard,West,1
CUST1364,42,Female,1,56.82,3,Credit Card,Basic,West,1
CUST1365,59,Male,4,22.86,2,Bank Transfer,Standard,West,1
CUST1366,48,Female,40,79.78,1,PayPal,Premium,West,0
CUST1367,20,Female,35,34.43,0,Bank Transfer,Basic,North,1
CUST1368,57,Female,32,54.7,0,PayPal,Basic,East,0
CUST1369,63,Non-Binary,42,35.58,3,PayPal,Premium,North,0
CUST1370,41,Female,34,22.04,3,Bank Transfer,Basic,North,1
CUST1371,49,Male,43,66.66,0,Bank Transfer,Basic,North,0
CUST1372,64,Male,25,14.89,2,PayPal,Standard,North,0
CUST1373,39,Female,10,77.38,0,Credit Card,Premium,East,0
CUST1374,40,Male,21,38.58,4,Bank Transfer,Standard,North,1
CUST1375,19,Male,46,10.01,0,PayPal,Premium,West,0
CUST1376,44,Male,39,56.0,1,PayPal,Standard,South,1
CUST1377,59,Male,27,14.22,2,Credit Card,Basic,West,0
CUST1378,19,Male,27,34.86,0,Credit Card,Premium,South,0
CUST1379,43,Male,2,73.63,1,Credit Card,Standard,West,1
CUST1380,34,Male,41,15.64,0,Bank Transfer,Basic,West,0
CUST1381,57,Male,48,85.54,3,PayPal,Standard,South,0
CUST1382,50,Non-Binary,13,10.34,3,PayPal,Standard,East,1
CUST1383,26,Male,9,32.21,1,PayPal,Basic,North,1
CUST1384,60,Male,52,76.68,2,Credit Card,Basic,West,0
CUST1385,65,Female,36,38.46,0,PayPal,Standard,East,0
CUST1386,56,Male,22,19.17,1,Bank Transfer,Premium,North,0
CUST1387,46,Non-Binary,42,42.42,3,Credit Card,Standard,East,0
CUST1388,59,Female,26,34.34,3,Credit Card,Premium,East,0
CUST1389,43,Male,58,85.84,0,Credit Card,Basic,North,0
CUST1390,52,Male,54,38.2,0,Credit Card,Basic,West,1
CUST1391,42,Female,12,81.0,1,Bank Transfer,Basic,East,0
CUST1392,41,Non-Binary,17,90.27,2,PayPal,Basic,West,0
CUST1393,30,Female,14,49.04,0,Bank Transfer,Basic,West,1
CUST1394,24,Female,14,91.89,1,PayPal,Standard,West,1
CUST1395,53,Male,57,43.96,2,Bank Transfer,Premium,North,0
CUST1396,62,Non-Binary,34,96.77,0,Credit Card,Premium,South,0
CUST1397,37,Male,53,18.04,0,Credit Card,Basic,West,1
CUST1398,18,Non-Binary,57,71.83,0,Bank Transfer,Premium,South,0
CUST1399,25,Female,20,54.44,2,Bank Transfer,Standard,South,0
CUST1400,63,Female,11,44.89,2,PayPal,Basic,East,1
CUST1401,33,Female,16,66.94,2,Bank Transfer,Premium,West,0
CUST1402,31,Male,51,73.35,1,Bank Transfer,Standard,West,0
CUST1403,29,Male,31,10.39,4,PayPal,Basic,West,0
CUST1404,40,Male,55,25.03,2,PayPal,Standard,South,0
CUST1405,32,Male,6,74.17,2,PayPal,Basic,North,1
CUST1406,45,Female,56,69.97,1,Bank Transfer,Standard,South,0
CUST1407,51,Male,19,96.94,1,PayPal,Standard,West,0
CUST1408,19,Male,37,78.49,2,Credit Card,Premium,West,1
CUST1409,49,Non-Binary,58,95.57,2,Credit Card,Basic,West,0
CUST1410,40,Female,4,73.23,1,Credit Card,Standard,South,1
CUST1411,39,Non-Binary,47,36.82,2,Bank Transfer,Standard,West,1
CUST1412,42,Non-Binary,4,19.48,2,Credit Card,Standard,East,1
CUST1413,39,Male,20,80.36,0,Bank Transfer,Standard,West,0
CUST1414,39,Male,10,67.97,1,Bank Transfer,Standard,North,1
CUST1415,59,Female,24,14.34,0,Credit Card,Premium,East,1
CUST1416,23,Female,54,42.4,3,PayPal,Premium,West,0
CUST1417,32,Male,35,96.11,1,Bank Transfer,Premium,East,1
CUST1418,60,Female,26,55.04,2,Credit Card,Premium,West,0
CUST1419,54,Male,37,48.95,2,Bank Transfer,Standard,North,0
CUST1420,50,Male,38,51.19,0,PayPal,Premium,West,0
CUST1421,25,Female,21,28.8,4,PayPal,Standard,East,0
CUST1422,61,Female,54,43.18,2,Credit Card,Standard,North,0
CUST1423,61,Female,40,43.28,1,Bank Transfer,Standard,South,0
CUST1424,22,Male,39,14.71,0,Bank Transfer,Standard,North,0
CUST1425,56,Female,21,79.08,1,Bank Transfer,Basic,North,1
CUST1426,21,Male,10,47.49,1,Bank Transfer,Premium,North,1
CUST1427,23,Male,38,84.0,0,Credit Card,Standard,East,0
CUST1428,62,Female,46,86.53,3,PayPal,Basic,North,0
CUST1429,49,Non-Binary,4,29.08,2,Credit Card,Standard,West,1
CUST1430,47,Female,60,69.16,0,Bank Transfer,Basic,North,0
CUST1431,64,Female,57,52.51,2,Bank Transfer,Basic,North,1
CUST1432,52,Female,45,89.21,1,PayPal,Basic,West,0
CUST1433,57,Female,20,29.42,0,Bank Transfer,Standard,West,0
CUST1434,33,Male,17,71.0,2,Credit Card,Standard,South,1
CUST1435,30,Male,55,64.7,4,Credit Card,Standard,North,0
CUST1436,59,Male,7,36.58,3,PayPal,Standard,East,1
CUST1437,47,Male,4,22.29,2,Credit Card,Standard,North,0
CUST1438,36,Female,29,68.65,2,Credit Card,Standard,North,0
CUST1439,34,Female,14,76.47,1,Credit Card,Standard,West,0
CUST1440,36,Male,3,38.41,1,Credit Card,Standard,South,0
CUST1441,45,Male,24,68.03,3,Bank Transfer,Basic,North,1
CUST1442,43,Female,37,45.56,2,Credit Card,Basic,East,1
CUST1443,54,Male,16,74.19,1,PayPal,Standard,North,1
CUST1444,43,Female,58,27.93,2,PayPal,Standard,East,0
CUST1445,40,Female,55,90.12,2,Credit Card,Basic,West,0
CUST1446,26,Female,52,35.87,0,PayPal,Basic,South,0
CUST1447,29,Female,4,43.1,2,Credit Card,Premium,North,0
CUST1448,18,Female,56,15.23,0,PayPal,Premium,South,0
CUST1449,18,Male,24,20.04,1,PayPal,Standard,North,1
CUST1450,64,Female,34,56.43,3,Credit Card,Standard,East,0
CUST1451,51,Female,30,34.08,4,Credit Card,Standard,South,1
CUST1452,49,Male,18,85.19,3,Bank Transfer,Premium,North,1
CUST1453,65,Female,19,11.32,1,Credit Card,Premium,West,1
CUST1454,42,Female,31,44.12,2,Credit Card,Basic,East,0
CUST1455,57,Female,60,40.36,0,Bank Transfer,Premium,South,0
CUST1456,62,Female,60,11.74,3,Credit Card,Basic,North,1
CUST1457,18,Female,19,21.19,1,Credit Card,Basic,South,1
CUST1458,33,Female,49,47.23,1,Bank Transfer,Standard,North,0
CUST1459,56,Female,46,54.36,0,Credit Card,Standard,East,0
CUST1460,22,Female,19,46.39,0,Credit Card,Premium,West,0
CUST1461,39,Female,22,57.78,1,Bank Transfer,Basic,East,0
CUST1462,46,Female,24,63.56,1,Bank Transfer,Standard,South,0
CUST1463,20,Female,45,10.89,1,PayPal,Premium,South,0
CUST1464,29,Male,12,51.77,1,Credit Card,Premium,North,0
CUST1465,43,Female,30,96.71,1,PayPal,Basic,East,0
CUST1466,33,Female,58,56.71,0,PayPal,Standard,North,0
CUST1467,54,Male,38,70.98,3,Bank Transfer,Standard,East,1
CUST1468,39,Female,53,38.07,1,Credit Card,Basic,South,1
CUST1469,46,Male,31,79.66,0,Credit Card,Premium,North,0
CUST1470,31,Male,36,79.56,0,Bank Transfer,Premium,North,1
CUST1471,45,Female,19,56.92,0,PayPal,Basic,East,0
CUST1472,22,Male,48,97.84,2,Bank Transfer,Basic,West,1
CUST1473,64,Female,45,21.3,3,Credit Card,Basic,East,1
CUST1474,47,Female,36,11.53,0,Bank Transfer,Premium,West,0
CUST1475,63,Female,30,79.31,0,Credit Card,Basic,East,0
CUST1476,22,Male,55,82.64,0,PayPal,Standard,South,0
CUST1477,29,Male,49,20.82,1,Credit Card,Standard,North,0
CUST1478,33,Female,55,33.9,4,PayPal,Standard,East,1
CUST1479,43,Non-Binary,33,11.58,1,PayPal,Basic,South,0
CUST1480,43,Female,18,36.4,0,Credit Card,Basic,East,0
CUST1481,65,Male,52,79.58,0,Credit Card,Premium,North,0
CUST1482,38,Female,49,56.62,2,PayPal,Premium,East,0
CUST1483,56,Female,59,41.33,1,Bank Transfer,Standard,West,1
CUST1484,53,Female,28,43.46,0,Credit Card,Basic,North,0
CUST1485,50,Male,59,10.12,1,PayPal,Standard,West,0
CUST1486,47,Female,47,36.98,0,PayPal,Standard,South,0
CUST1487,54,Female,11,68.18,3,Bank Transfer,Basic,South,0
CUST1488,40,Non-Binary,57,97.68,1,Credit Card,Premium,East,0
CUST1489,27,Male,60,86.24,0,PayPal,Standard,West,0
CUST1490,22,Female,54,12.12,0,Bank Transfer,Basic,West,0
CUST1491,53,Non-Binary,45,90.87,3,PayPal,Premium,North,1
CUST1492,51,Male,33,80.49,1,Credit Card,Premium,West,0
CUST1493,48,Non-Binary,17,80.23,1,Bank Transfer,Basic,West,0
CUST1494,27,Female,6,51.22,2,PayPal,Standard,North,1
CUST1495,36,Male,4,45.82,2,Bank Transfer,Standard,North,1
CUST1496,49,Male,20,37.26,1,Credit Card,Standard,West,0
CUST1497,18,Female,48,15.91,1,Bank Transfer,Basic,East,0
CUST1498,22,Male,47,30.54,2,Credit Card,Standard,North,1
CUST1499,62,Female,27,32.19,2,PayPal,Premium,North,0
CUST1500,21,Male,15,53.57,2,Credit Card,Standard,West,0
CUST1501,33,Female,6,77.27,1,PayPal,Basic,West,0
CUST1502,41,Male,47,52.64,2,PayPal,Standard,North,1
CUST1503,33,Female,14,15.21,2,Credit Card,Standard,West,0
CUST1504,19,Non-Binary,60,96.2,2,PayPal,Premium,North,0
CUST1505,45,Non-Binary,11,94.85,0,Bank Transfer,Standard,East,1
CUST1506,49,Female,39,80.67,4,PayPal,Basic,East,0
CUST1507,44,Male,9,99.22,2,Credit Card,Basic,North,1
CUST1508,37,Female,26,59.0,1,Bank Transfer,Standard,North,1
CUST1509,41,Male,16,96.65,2,Bank Transfer,Basic,South,1
CUST1510,29,Male,5,16.8,2,PayPal,Standard,South,1
CUST1511,52,Male,57,42.91,0,PayPal,Basic,West,0
CUST1512,50,Female,52,30.28,1,Credit Card,Standard,West,0
CUST1513,50,Female,10,27.62,2,Bank Transfer,Standard,North,1
CUST1514,60,Female,50,22.67,1,Credit Card,Premium,North,0
CUST1515,54,Male,3,66.02,3,PayPal,Premium,South,0
CUST1516,29,Male,13,80.32,1,Bank Transfer,Basic,South,1
CUST1517,20,Non-Binary,43,62.05,1,Credit Card,Standard,North,0
CUST1518,18,Male,49,23.23,2,Credit Card,Basic,East,0
CUST1519,50,Female,30,83.0,0,Credit Card,Standard,East,1
CUST1520,57,Male,54,67.24,1,Credit Card,Standard,West,0
CUST1521,27,Female,45,44.93,1,Credit Card,Premium,North,0
CUST1522,60,Female,6,70.67,2,Bank Transfer,Premium,North,1
CUST1523,61,Male,17,33.39,1,Credit Card,Standard,West,1
CUST1524,46,Male,59,41.07,2,Bank Transfer,Standard,South,0
CUST1525,30,Female,45,92.57,2,Credit Card,Premium,South,0
CUST1526,29,Female,51,36.15,0,PayPal,Premium,East,0
CUST1527,48,Male,53,52.3,4,PayPal,Basic,North,1
CUST1528,63,Non-Binary,19,90.11,3,Credit Card,Standard,South,1
CUST1529,19,Male,42,73.69,0,PayPal,Standard,East,0
CUST1530,52,Male,35,15.6,1,Bank Transfer,Basic,East,1
CUST1531,40,Non-Binary,46,23.26,1,Credit Card,Basic,East,0
CUST1532,34,Male,26,10.71,2,Bank Transfer,Basic,South,1
CUST1533,43,Female,51,66.78,1,Credit Card,Standard,South,1
CUST1534,25,Male,5,50.29,0,PayPal,Basic,North,1
CUST1535,46,Male,29,22.08,0,Bank Transfer,Basic,North,0
CUST1536,43,Non-Binary,37,96.21,1,PayPal,Basic,East,1
CUST1537,27,Male,20,57.67,1,PayPal,Premium,East,0
CUST1538,43,Female,49,31.77,1,Credit Card,Premium,South,0
CUST1539,51,Male,21,55.05,4,Bank Transfer,Standard,South,0
CUST1540,58,Male,10,71.17,0,PayPal,Standard,North,0
CUST1541,24,Male,5,16.86,3,Credit Card,Premium,North,0
CUST1542,21,Female,36,34.72,4,Credit Card,Basic,West,1
CUST1543,62,Male,6,82.63,1,Credit Card,Basic,North,1
CUST1544,28,Female,26,51.37,1,PayPal,Basic,South,0
CUST1545,46,Female,4,59.19,1,Credit Card,Basic,East,1
CUST1546,53,Non-Binary,39,48.95,0,Bank Transfer,Standard,West,0
CUST1547,42,Male,39,13.95,3,Bank Transfer,Premium,North,1
CUST1548,38,Female,50,24.92,2,PayPal,Standard,North,0
CUST1549,53,Female,35,50.1,1,Bank Transfer,Standard,South,0
CUST1550,27,Female,1,28.83,3,Credit Card,Premium,West,0
CUST1551,54,Female,24,14.5,4,PayPal,Basic,North,1
CUST1552,26,Female,57,85.93,0,Credit Card,Basic,East,0
CUST1553,41,Female,36,98.31,3,PayPal,Standard,South,0
CUST1554,52,Male,6,81.38,1,PayPal,Standard,West,1
CUST1555,52,Male,41,86.84,2,Credit Card,Basic,North,0
CUST1556,65,Non-Binary,54,31.78,1,Bank Transfer,Standard,North,1
CUST1557,53,Female,46,96.46,1,Bank Transfer,Standard,West,0
CUST1558,35,Female,60,27.72,3,PayPal,Standard,South,0
CUST1559,56,Female,44,95.63,2,Credit Card,Standard,West,0
CUST1560,49,Male,60,99.53,2,Credit Card,Standard,West,0
CUST1561,41,Male,57,74.06,0,PayPal,Basic,South,0
CUST1562,40,Female,31,98.3,1,Bank Transfer,Standard,North,0
CUST1563,49,Male,20,61.26,1,Credit Card,Basic,East,0
CUST1564,54,Male,24,33.36,2,Bank Transfer,Premium,South,1
CUST1565,29,Female,25,49.33,3,Bank Transfer,Standard,East,1
CUST1566,30,Male,36,63.42,3,PayPal,Standard,North,1
CUST1567,40,Female,21,16.58,2,PayPal,Standard,West,0
CUST1568,42,Male,30,66.01,0,Bank Transfer,Standard,East,0
CUST1569,52,Female,24,98.31,2,Credit Card,Standard,North,0
CUST1570,58,Male,44,27.11,0,Credit Card,Premium,North,0
CUST1571,47,Female,42,81.33,2,PayPal,Premium,West,0
CUST1572,34,Male,30,91.71,3,Bank Transfer,Standard,West,0
CUST1573,37,Male,22,94.93,1,Credit Card,Basic,North,0
CUST1574,65,Male,28,96.41,3,Credit Card,Standard,North,1
CUST1575,42,Female,7,56.93,1,PayPal,Standard,East,1
CUST1576,39,Female,35,97.96,0,Bank Transfer,Basic,North,1
CUST1577,30,Male,55,78.16,3,Credit Card,Basic,North,0
CUST1578,36,Female,28,24.55,0,PayPal,Premium,East,0
CUST1579,53,Female,14,52.92,2,Credit Card,Basic,South,1
CUST1580,29,Female,56,74.65,2,Credit Card,Standard,East,0
CUST1581,58,Male,10,32.26,4,Credit Card,Standard,East,0
CUST1582,36,Female,16,67.66,3,PayPal,Standard,West,1
CUST1583,29,Male,16,69.99,2,Bank Transfer,Basic,East,1
CUST1584,26,Male,54,24.64,2,PayPal,Premium,North,0
CUST1585,24,Non-Binary,31,60.86,3,Bank Transfer,Standard,North,0
CUST1586,45,Male,42,79.45,2,Credit Card,Standard,North,0
CUST1587,31,Female,25,54.9,2,Bank Transfer,Standard,South,1
CUST1588,48,Female,13,11.09,0,Credit Card,Standard,North,1
CUST1589,36,Female,6,10.81,2,Credit Card,Premium,South,0
CUST1590,64,Female,44,42.13,1,PayPal,Standard,North,0
CUST1591,33,Male,9,93.36,2,Credit Card,Standard,East,0
CUST1592,22,Male,45,30.58,2,PayPal,Premium,West,0
CUST1593,52,Female,36,67.09,2,Bank Transfer,Standard,North,0
CUST1594,29,Male,56,29.99,2,Bank Transfer,Basic,South,1
CUST1595,42,Male,43,38.95,2,Credit Card,Basic,South,0
CUST1596,38,Male,20,86.32,2,PayPal,Premium,West,0
CUST1597,53,Male,18,75.6,1,Credit Card,Standard,North,1
CUST1598,40,Male,58,18.59,2,PayPal,Standard,East,0
CUST1599,33,Male,43,48.58,4,PayPal,Standard,North,1
CUST1600,56,Female,57,12.63,0,PayPal,Basic,North,0
CUST1601,62,Female,21,53.28,0,Bank Transfer,Standard,West,0
CUST1602,59,Female,4,69.62,1,PayPal,Basic,North,1
CUST1603,56,Male,50,20.67,0,Bank Transfer,Standard,East,0
CUST1604,31,Male,33,36.0,3,PayPal,Standard,South,0
CUST1605,48,Male,27,45.81,0,Bank Transfer,Standard,West,0
CUST1606,22,Female,7,92.76,0,Bank Transfer,Standard,East,0
CUST1607,52,Female,6,99.39,3,Bank Transfer,Premium,South,1
CUST1608,40,Male,15,14.04,1,Credit Card,Standard,West,1
CUST1609,46,Non-Binary,18,78.49,2,PayPal,Basic,West,0
CUST1610,60,Male,32,43.46,0,Credit Card,Basic,South,1
CUST1611,28,Female,56,45.32,0,PayPal,Standard,South,0
CUST1612,35,Female,11,77.88,2,PayPal,Premium,East,0
CUST1613,64,Female,20,92.66,0,Credit Card,Premium,North,0
CUST1614,29,Female,24,95.58,0,Bank Transfer,Premium,North,0
CUST1615,26,Female,15,61.94,2,PayPal,Standard,North,0
CUST1616,27,Male,48,42.14,2,Bank Transfer,Standard,North,0
CUST1617,61,Female,7,80.88,2,Credit Card,Standard,North,1
CUST1618,34,Male,21,32.59,3,Bank Transfer,Basic,East,1
CUST1619,55,Female,42,60.77,2,PayPal,Basic,West,0
CUST1620,24,Female,26,42.27,3,PayPal,Premium,East,0
CUST1621,63,Female,44,69.1,2,PayPal,Basic,East,1
CUST1622,30,Female,56,31.64,1,Credit Card,Basic,East,0
CUST1623,57,Female,14,27.24,3,PayPal,Basic,West,1
CUST1624,59,Female,57,92.64,1,Credit Card,Premium,East,0
CUST1625,26,Female,37,19.16,1,Bank Transfer,Standard,East,1
CUST1626,44,Male,58,55.54,0,PayPal,Standard,West,0
CUST1627,19,Male,21,29.88,1,PayPal,Premium,East,0
CUST1628,22,Male,18,13.5,1,PayPal,Standard,North,1
CUST1629,46,Male,5,13.24,3,Bank Transfer,Standard,South,1
CUST1630,54,Female,3,25.77,0,PayPal,Basic,East,0
CUST1631,55,Male,23,88.01,1,Credit Card,Basic,South,1
CUST1632,36,Non-Binary,26,35.42,1,Bank Transfer,Premium,East,0
CUST1633,25,Male,37,95.54,1,Bank Transfer,Standard,East,0
CUST1634,65,Male,24,62.35,1,Bank Transfer,Standard,North,0
CUST1635,62,Female,49,49.3,1,Bank Transfer,Standard,West,0
CUST1636,18,Female,19,62.21,0,Bank Transfer,Standard,South,0
CUST1637,39,Female,51,56.5,1,Credit Card,Basic,West,0
CUST1638,34,Female,25,78.29,2,Bank Transfer,Basic,North,0
CUST1639,24,Female,21,35.42,2,PayPal,Basic,North,1
CUST1640,42,Male,12,41.77,0,Bank Transfer,Basic,South,1
CUST1641,62,Non-Binary,57,90.47,1,Bank Transfer,Premium,West,0
CUST1642,21,Non-Binary,41,95.18,6,Bank Transfer,Basic,North,1
CUST1643,53,Female,33,90.33,1,Bank Transfer,Basic,East,1
CUST1644,23,Male,50,47.75,1,Bank Transfer,Standard,East,0
CUST1645,48,Female,53,80.23,1,Credit Card,Premium,East,0
CUST1646,36,Male,4,52.87,1,Credit Card,Basic,West,1
CUST1647,61,Male,42,54.78,1,Bank Transfer,Basic,East,0
CUST1648,56,Male,57,28.42,3,Credit Card,Standard,East,0
CUST1649,44,Female,7,63.2,1,PayPal,Standard,North,0
CUST1650,27,Female,22,26.75,1,Bank Transfer,Standard,North,1
CUST1651,43,Female,55,39.84,0,PayPal,Premium,East,0
CUST1652,36,Female,33,86.95,3,PayPal,Premium,East,0
CUST1653,56,Male,17,28.64,0,Bank Transfer,Standard,North,0
CUST1654,20,Male,24,16.4,0,PayPal,Standard,South,0
CUST1655,62,Male,34,16.21,2,PayPal,Standard,West,0
CUST1656,30,Non-Binary,28,94.67,1,PayPal,Basic,West,1
CUST1657,45,Male,58,55.62,3,Bank Transfer,Premium,North,0
CUST1658,37,Female,43,46.85,1,Bank Transfer,Standard,West,0
CUST1659,45,Female,41,82.98,0,PayPal,Basic,North,1
CUST1660,25,Male,39,85.22,5,Bank Transfer,Standard,North,1
CUST1661,58,Female,22,39.9,1,Bank Transfer,Basic,North,1
CUST1662,56,Female,49,72.43,2,PayPal,Standard,North,1
CUST1663,18,Female,17,79.4,2,Bank Transfer,Standard,South,1
CUST1664,20,Non-Binary,34,68.92,0,Credit Card,Standard,East,0
CUST1665,30,Male,6,23.64,0,Bank Transfer,Premium,East,0
CUST1666,45,Male,46,88.83,1,Credit Card,Basic,South,0
CUST1667,42,Female,6,58.52,3,PayPal,Standard,West,0
CUST1668,50,Non-Binary,34,35.42,1,Bank Transfer,Standard,West,0
CUST1669,55,Male,1,48.27,2,PayPal,Standard,East,0
CUST1670,23,Female,10,13.38,0,PayPal,Standard,West,0
CUST1671,61,Female,21,21.51,2,PayPal,Standard,East,1
CUST1672,62,Female,5,78.9,0,PayPal,Standard,East,1
CUST1673,49,Male,2,10.0,1,PayPal,Basic,South,1
CUST1674,62,Female,22,47.49,0,Bank Transfer,Premium,West,0
CUST1675,64,Non-Binary,48,57.03,1,Credit Card,Standard,South,0
CUST1676,38,Male,57,14.92,1,Bank Transfer,Standard,East,0
CUST1677,33,Male,2,97.58,0,Bank Transfer,Basic,East,0
CUST1678,38,Non-Binary,10,30.35,1,Bank Transfer,Basic,East,0
CUST1679,28,Male,34,37.38,1,Bank Transfer,Standard,North,0
CUST1680,54,Female,16,37.35,1,Credit Card,Premium,North,0
CUST1681,53,Female,48,30.74,2,Bank Transfer,Standard,North,0
CUST1682,52,Male,51,10.13,1,PayPal,Premium,South,0
CUST1683,36,Female,39,75.64,3,Bank Transfer,Standard,East,0
CUST1684,37,Male,22,97.02,1,Bank Transfer,Standard,West,0
CUST1685,35,Female,12,30.19,0,Credit Card,Basic,South,1
CUST1686,64,Male,24,69.67,2,Credit Card,Premium,South,0
CUST1687,58,Female,47,76.77,3,PayPal,Basic,South,0
CUST1688,31,Male,40,86.36,2,Bank Transfer,Premium,West,0
CUST1689,32,Male,38,48.04,1,Bank Transfer,Premium,East,1
CUST1690,48,Non-Binary,60,37.26,1,Bank Transfer,Premium,North,0
CUST1691,18,Male,59,39.28,2,PayPal,Standard,East,0
CUST1692,20,Female,10,74.14,2,Credit Card,Standard,East,0
CUST1693,33,Male,35,83.51,2,PayPal,Standard,South,0
CUST1694,40,Female,51,26.35,2,Bank Transfer,Basic,South,0
CUST1695,28,Male,49,43.38,2,Credit Card,Standard,South,0
CUST1696,29,Non-Binary,32,91.17,6,Credit Card,Basic,North,1
CUST1697,27,Female,7,82.6,0,PayPal,Standard,North,0
CUST1698,49,Male,21,98.64,2,Credit Card,Basic,North,0
CUST1699,33,Male,20,77.88,2,Credit Card,Basic,East,0
CUST1700,25,Male,26,45.39,0,Bank Transfer,Standard,South,0
CUST1701,55,Female,4,63.16,2,Bank Transfer,Standard,West,0
CUST1702,29,Male,46,69.49,1,Credit Card,Standard,East,0
CUST1703,41,Female,52,17.06,1,Credit Card,Basic,North,0
CUST1704,45,Male,22,59.0,4,PayPal,Standard,West,1
CUST1705,25,Male,15,73.84,3,PayPal,Basic,West,1
CUST1706,45,Female,56,25.06,1,Credit Card,Standard,South,0
CUST1707,53,Female,40,80.26,0,Bank Transfer,Standard,West,0
CUST1708,43,Male,21,62.54,0,Credit Card,Standard,North,0
CUST1709,25,Male,15,95.7,0,Credit Card,Standard,South,0
CUST1710,45,Male,22,13.82,2,Bank Transfer,Standard,West,0
CUST1711,45,Female,52,33.88,2,Bank Transfer,Standard,South,0
CUST1712,54,Female,28,64.14,5,PayPal,Standard,West,1
CUST1713,58,Female,14,36.69,1,PayPal,Standard,East,0
CUST1714,53,Female,27,74.3,0,PayPal,Standard,East,0
CUST1715,44,Female,41,78.31,1,PayPal,Basic,North,1
CUST1716,34,Female,40,19.23,2,Bank Transfer,Standard,East,0
CUST1717,26,Female,58,56.25,1,Credit Card,Standard,East,0
CUST1718,50,Male,28,55.8,3,PayPal,Standard,East,0
CUST1719,37,Male,26,43.24,2,PayPal,Basic,West,1
CUST1720,30,Male,49,93.96,1,Bank Transfer,Basic,West,0
CUST1721,45,Male,2,84.48,3,Bank Transfer,Premium,South,0
CUST1722,65,Female,25,72.75,0,Credit Card,Standard,West,0
CUST1723,46,Non-Binary,56,74.29,0,Credit Card,Basic,East,0
CUST1724,30,Male,3,51.55,1,Bank Transfer,Standard,West,0
CUST1725,63,Male,8,92.89,4,PayPal,Standard,North,0
CUST1726,52,Female,44,72.51,2,PayPal,Premium,South,0
CUST1727,23,Non-Binary,33,75.61,0,PayPal,Basic,South,0
CUST1728,35,Male,42,87.55,1,Credit Card,Basic,West,0
CUST1729,22,Female,52,34.67,1,PayPal,Premium,East,0
CUST1730,64,Male,35,82.64,2,PayPal,Basic,South,0
CUST1731,42,Male,6,27.57,3,Bank Transfer,Basic,North,1
CUST1732,19,Non-Binary,39,41.08,3,PayPal,Premium,North,0
CUST1733,27,Non-Binary,52,40.2,3,Bank Transfer,Standard,South,0
CUST1734,47,Male,23,98.07,1,PayPal,Basic,East,1
CUST1735,62,Non-Binary,25,87.09,1,Credit Card,Basic,East,1
CUST1736,22,Female,59,73.11,1,PayPal,Basic,West,0
CUST1737,50,Female,50,75.44,0,PayPal,Basic,West,0
CUST1738,18,Female,43,60.59,2,Bank Transfer,Premium,South,0
CUST1739,35,Female,19,95.24,1,Bank Transfer,Standard,West,1
CUST1740,49,Female,5,54.66,3,Bank Transfer,Standard,West,1
CUST1741,64,Female,51,44.25,2,PayPal,Premium,West,0
CUST1742,28,Male,11,24.67,1,PayPal,Standard,North,0
CUST1743,38,Male,56,80.76,1,Credit Card,Basic,West,1
CUST1744,43,Male,12,76.1,2,PayPal,Standard,South,0
CUST1745,42,Female,10,44.59,0,Credit Card,Premium,East,1
CUST1746,39,Male,8,12.27,3,Bank Transfer,Premium,West,1
CUST1747,44,Female,24,85.51,1,Bank Transfer,Basic,East,1
CUST1748,30,Non-Binary,60,11.03,0,Bank Transfer,Standard,West,0
CUST1749,50,Male,28,73.33,0,Credit Card,Standard,South,0
CUST1750,51,Female,41,97.32,1,PayPal,Premium,North,0
CUST1751,58,Male,36,49.39,0,Bank Transfer,Basic,South,0
CUST1752,52,Female,37,31.15,2,PayPal,Standard,North,0
CUST1753,18,Male,21,73.44,1,PayPal,Premium,West,0
CUST1754,38,Female,8,83.54,0,Bank Transfer,Standard,West,1
CUST1755,65,Female,55,59.18,0,Credit Card,Standard,North,0
CUST1756,23,Non-Binary,9,97.03,1,PayPal,Basic,South,1
CUST1757,45,Female,47,14.65,0,Bank Transfer,Basic,South,0
CUST1758,34,Female,15,55.43,2,PayPal,Standard,North,1
CUST1759,22,Female,48,74.66,1,PayPal,Premium,West,0
CUST1760,48,Female,46,87.64,2,PayPal,Basic,North,0
CUST1761,22,Female,40,26.13,1,PayPal,Standard,West,1
CUST1762,55,Male,18,82.0,0,PayPal,Standard,North,0
CUST1763,20,Non-Binary,42,59.74,1,Credit Card,Basic,West,0
CUST1764,40,Female,60,45.69,6,Credit Card,Standard,North,0
CUST1765,54,Female,20,21.85,2,Bank Transfer,Standard,East,1
CUST1766,54,Male,6,87.88,1,Credit Card,Premium,West,0
CUST1767,27,Female,12,24.15,2,Credit Card,Standard,South,1
CUST1768,27,Male,2,37.88,3,Credit Card,Standard,North,0
CUST1769,36,Female,7,36.1,1,PayPal,Basic,South,1
CUST1770,34,Male,16,88.43,3,PayPal,Premium,North,1
CUST1771,38,Female,3,70.54,0,Bank Transfer,Basic,South,1
CUST1772,31,Non-Binary,45,81.7,2,Bank Transfer,Standard,South,1
CUST1773,26,Male,3,32.54,0,Bank Transfer,Basic,North,1
CUST1774,63,Non-Binary,27,66.24,3,PayPal,Premium,North,0
CUST1775,18,Male,50,61.46,2,Credit Card,Standard,South,0
CUST1776,62,Female,43,84.95,4,Credit Card,Standard,South,0
CUST1777,30,Female,40,91.55,1,PayPal,Basic,South,1
CUST1778,21,Female,38,11.09,3,Bank Transfer,Standard,West,1
CUST1779,18,Female,33,70.66,0,Bank Transfer,Standard,West,1
CUST1780,57,Female,28,14.67,2,Bank Transfer,Standard,East,1
CUST1781,49,Male,1,59.4,1,PayPal,Basic,West,0
CUST1782,51,Male,55,35.89,1,Bank Transfer,Premium,West,0
CUST1783,45,Female,8,37.61,0,Bank Transfer,Premium,North,0
CUST1784,48,Female,37,41.77,1,PayPal,Basic,East,0
CUST1785,25,Female,32,65.92,0,Credit Card,Premium,East,0
CUST1786,56,Female,60,40.06,0,PayPal,Standard,West,0
CUST1787,43,Male,48,75.94,2,PayPal,Standard,North,0
CUST1788,51,Female,43,46.41,0,PayPal,Standard,North,1
CUST1789,20,Male,37,16.15,0,PayPal,Standard,East,0
CUST1790,29,Female,4,80.54,3,Credit Card,Standard,North,1
CUST1791,18,Male,30,35.72,2,Bank Transfer,Standard,South,0
CUST1792,61,Male,6,48.95,1,PayPal,Standard,West,0
CUST1793,22,Male,46,71.69,4,Credit Card,Standard,South,0
CUST1794,47,Male,54,39.92,2,Bank Transfer,Standard,East,0
CUST1795,47,Female,19,15.09,3,Bank Transfer,Basic,East,1
CUST1796,34,Male,32,43.65,2,Bank Transfer,Premium,North,0
CUST1797,65,Male,9,95.0,1,PayPal,Standard,North,0
CUST1798,64,Male,12,67.76,2,PayPal,Basic,East,1
CUST1799,40,Male,11,70.43,3,Bank Transfer,Basic,East,0
CUST1800,32,Male,46,66.91,2,Bank Transfer,Standard,South,0
CUST1801,54,Male,55,27.91,1,Bank Transfer,Premium,South,0
CUST1802,38,Female,16,47.65,2,Bank Transfer,Standard,North,1
CUST1803,31,Female,1,77.58,2,Bank Transfer,Standard,South,1
CUST1804,19,Female,45,19.12,1,Bank Transfer,Basic,North,1
CUST1805,28,Female,55,35.01,1,Credit Card,Standard,North,1
CUST1806,56,Male,53,34.87,0,Bank Transfer,Premium,West,0
CUST1807,55,Female,21,48.88,1,PayPal,Standard,North,1
CUST1808,51,Female,30,98.23,0,PayPal,Basic,South,0
CUST1809,55,Female,13,16.08,2,PayPal,Standard,East,0
CUST1810,51,Male,34,56.68,2,Bank Transfer,Basic,East,0
CUST1811,35,Male,4,26.14,2,PayPal,Standard,South,1
CUST1812,47,Male,28,97.36,0,Credit Card,Standard,East,1
CUST1813,32,Male,38,20.2,2,Bank Transfer,Standard,North,0
CUST1814,44,Female,58,46.32,2,PayPal,Basic,East,0
CUST1815,51,Female,31,76.41,3,Credit Card,Premium,South,0
CUST1816,55,Female,59,73.41,3,Credit Card,Standard,East,0
CUST1817,50,Female,55,48.05,3,PayPal,Standard,North,0
CUST1818,41,Female,27,41.19,2,Credit Card,Standard,North,1
CUST1819,32,Female,5,45.79,2,PayPal,Standard,South,0
CUST1820,47,Non-Binary,25,33.78,0,Credit Card,Standard,South,0
CUST1821,59,Male,3,28.48,2,Bank Transfer,Standard,South,1
CUST1822,34,Male,33,53.47,2,Bank Transfer,Standard,West,1
CUST1823,22,Male,4,34.17,2,Bank Transfer,Basic,West,1
CUST1824,46,Female,25,35.87,0,Bank Transfer,Premium,North,1
CUST1825,21,Female,20,69.11,0,Bank Transfer,Standard,West,0
CUST1826,27,Male,34,97.17,2,PayPal,Basic,West,0
CUST1827,34,Non-Binary,26,64.33,1,Bank Transfer,Standard,East,0
CUST1828,27,Male,5,16.93,2,Bank Transfer,Premium,West,0
CUST1829,34,Non-Binary,35,16.8,2,Bank Transfer,Premium,East,0
CUST1830,37,Male,28,95.63,4,Bank Transfer,Standard,South,1
CUST1831,41,Male,29,36.76,0,Credit Card,Basic,East,0
CUST1832,22,Female,9,18.29,1,Bank Transfer,Standard,East,1
CUST1833,51,Male,52,63.91,0,Bank Transfer,Basic,South,0
CUST1834,23,Male,38,66.13,0,PayPal,Premium,South,0
CUST1835,19,Male,50,68.37,0,Credit Card,Basic,North,0
CUST1836,30,Female,6,34.07,1,PayPal,Basic,North,0
CUST1837,60,Female,19,11.36,2,Bank Transfer,Standard,North,1
CUST1838,60,Male,60,96.85,0,PayPal,Standard,North,0
CUST1839,65,Female,44,32.58,1,PayPal,Standard,East,0
CUST1840,28,Female,57,70.84,3,Bank Transfer,Standard,East,1
CUST1841,64,Male,11,73.6,1,Credit Card,Basic,North,0
CUST1842,40,Male,2,64.9,3,Credit Card,Basic,West,0
CUST1843,33,Male,47,38.16,3,PayPal,Standard,North,1
CUST1844,48,Male,44,34.4,2,Bank Transfer,Basic,West,1
CUST1845,28,Female,44,63.79,1,PayPal,Standard,South,0
CUST1846,33,Male,9,87.95,1,PayPal,Standard,East,0
CUST1847,25,Female,21,95.21,1,PayPal,Standard,East,0
CUST1848,21,Female,24,19.53,1,Bank Transfer,Premium,West,0
CUST1849,57,Male,34,23.93,0,Bank Transfer,Premium,North,0
CUST1850,21,Female,22,95.03,2,Credit Card,Premium,East,0
CUST1851,42,Male,3,76.29,1,Bank Transfer,Basic,West,1
CUST1852,20,Non-Binary,12,89.47,3,PayPal,Basic,South,1
CUST1853,49,Female,28,28.24,2,PayPal,Standard,South,0
CUST1854,20,Female,30,62.88,2,Credit Card,Premium,East,0
CUST1855,44,Female,26,73.1,0,Bank Transfer,Premium,North,0
CUST1856,46,Male,48,71.21,2,PayPal,Premium,West,0
CUST1857,49,Female,21,46.73,1,Credit Card,Basic,East,1
CUST1858,36,Non-Binary,28,11.39,3,Credit Card,Premium,South,1
CUST1859,38,Female,56,62.46,2,PayPal,Standard,North,0
CUST1860,22,Female,26,32.78,0,PayPal,Basic,West,0
CUST1861,35,Female,33,50.52,4,Bank Transfer,Standard,East,1
CUST1862,45,Male,21,96.18,2,Credit Card,Basic,West,1
CUST1863,59,Male,35,45.91,3,PayPal,Standard,North,0
CUST1864,39,Female,52,85.58,0,Credit Card,Standard,North,0
CUST1865,38,Male,34,26.97,1,Bank Transfer,Standard,South,0
CUST1866,23,Female,41,70.52,2,PayPal,Standard,North,0
CUST1867,18,Non-Binary,51,97.93,2,Bank Transfer,Premium,East,0
CUST1868,22,Male,47,19.17,1,Credit Card,Standard,West,0
CUST1869,58,Male,18,10.75,1,Bank Transfer,Standard,North,1
CUST1870,29,Female,58,49.02,1,Bank Transfer,Premium,North,0
CUST1871,43,Male,11,18.34,2,Credit Card,Premium,East,1
CUST1872,63,Female,57,77.35,3,Bank Transfer,Basic,West,1
CUST1873,51,Male,23,92.31,3,Credit Card,Standard,West,1
CUST1874,31,Female,48,49.06,1,PayPal,Basic,South,1
CUST1875,43,Male,22,33.28,1,Credit Card,Basic,South,1
CUST1876,62,Female,17,49.1,1,Credit Card,Standard,West,1
CUST1877,44,Female,5,75.11,3,PayPal,Premium,East,0
CUST1878,26,Female,44,10.81,3,Credit Card,Basic,East,0
CUST1879,43,Male,11,63.05,2,PayPal,Premium,South,0
CUST1880,64,Female,30,65.2,1,PayPal,Premium,North,0
CUST1881,39,Female,15,67.39,0,Credit Card,Premium,East,0
CUST1882,64,Male,27,31.78,1,Bank Transfer,Basic,North,0
CUST1883,47,Male,35,74.26,1,Bank Transfer,Premium,East,0
CUST1884,60,Male,33,18.23,1,PayPal,Standard,West,0
CUST1885,65,Female,20,27.93,2,Bank Transfer,Standard,South,1
CUST1886,34,Female,16,88.97,3,Bank Transfer,Basic,North,1
CUST1887,43,Female,34,76.49,3,Credit Card,Basic,North,1
CUST1888,53,Male,2,11.24,1,PayPal,Standard,West,1
CUST1889,18,Male,35,32.35,2,PayPal,Standard,East,1
CUST1890,25,Female,40,29.3,1,Credit Card,Basic,North,0
CUST1891,52,Female,56,34.37,2,Bank Transfer,Basic,East,1
CUST1892,32,Non-Binary,28,32.28,0,PayPal,Standard,West,0
CUST1893,64,Male,47,15.63,1,Bank Transfer,Basic,South,1
CUST1894,39,Female,39,51.3,0,PayPal,Premium,North,0
CUST1895,31,Male,6,75.95,1,PayPal,Basic,East,1
CUST1896,43,Male,9,64.61,1,PayPal,Basic,North,0
CUST1897,45,Female,20,70.56,1,PayPal,Standard,East,0
CUST1898,40,Female,60,17.3,0,Bank Transfer,Standard,East,0
CUST1899,31,Non-Binary,1,95.63,2,Bank Transfer,Standard,East,0
CUST1900,41,Male,8,85.46,1,Bank Transfer,Standard,West,1
CUST1901,19,Male,55,82.46,3,Bank Transfer,Premium,South,0
CUST1902,62,Female,23,84.07,0,Credit Card,Standard,North,0
CUST1903,43,Female,3,93.94,1,PayPal,Basic,South,0
CUST1904,31,Male,4,58.98,4,PayPal,Standard,East,0
CUST1905,24,Male,58,28.03,1,PayPal,Premium,East,0
CUST1906,20,Male,25,65.51,0,Credit Card,Standard,South,0
CUST1907,64,Female,47,76.86,1,Bank Transfer,Basic,South,1
CUST1908,40,Male,38,76.41,1,PayPal,Standard,North,0
CUST1909,63,Male,15,56.93,2,Bank Transfer,Standard,East,1
CUST1910,60,Male,21,16.16,2,Bank Transfer,Standard,South,0
CUST1911,64,Male,35,43.4,3,Credit Card,Basic,West,1
CUST1912,62,Male,57,92.87,3,Credit Card,Basic,East,1
CUST1913,35,Female,53,62.6,2,Bank Transfer,Standard,East,0
CUST1914,55,Male,53,58.45,1,PayPal,Basic,North,0
CUST1915,52,Female,46,34.2,3,PayPal,Standard,West,0
CUST1916,32,Male,52,43.16,1,Credit Card,Standard,North,0
CUST1917,42,Female,14,90.58,1,Credit Card,Basic,West,1
CUST1918,54,Female,36,69.98,1,Credit Card,Premium,North,0
CUST1919,45,Female,12,80.86,1,Credit Card,Premium,West,0
CUST1920,27,Female,17,50.89,1,Credit Card,Standard,West,0
CUST1921,56,Male,39,66.72,0,Credit Card,Basic,West,0
CUST1922,34,Male,9,32.35,3,Credit Card,Basic,South,1
CUST1923,56,Female,35,73.49,3,PayPal,Standard,East,0
CUST1924,39,Non-Binary,60,48.48,3,Credit Card,Basic,West,0
CUST1925,43,Female,13,49.83,2,Credit Card,Premium,South,0
CUST1926,61,Female,15,68.44,1,PayPal,Basic,South,1
CUST1927,42,Female,18,94.27,1,PayPal,Standard,North,0
CUST1928,34,Female,51,15.76,1,Bank Transfer,Standard,East,0
CUST1929,30,Male,33,84.23,2,Credit Card,Standard,East,0
CUST1930,37,Female,6,36.31,0,Credit Card,Basic,North,1
CUST1931,42,Non-Binary,59,49.95,0,Credit Card,Standard,East,1
CUST1932,21,Male,27,11.97,2,Credit Card,Basic,North,0
CUST1933,27,Female,23,37.09,0,Bank Transfer,Premium,South,0
CUST1934,20,Male,59,55.24,4,PayPal,Basic,South,1
CUST1935,58,Female,27,15.06,0,PayPal,Premium,West,0
CUST1936,62,Male,34,54.2,0,Credit Card,Premium,North,0
CUST1937,35,Female,56,93.44,1,Credit Card,Basic,South,0
CUST1938,64,Female,46,19.49,1,Credit Card,Standard,South,0
CUST1939,53,Male,38,78.8,4,Bank Transfer,Basic,North,0
CUST1940,64,Female,14,46.87,1,Bank Transfer,Premium,South,0
CUST1941,39,Female,36,68.97,1,PayPal,Standard,East,0
CUST1942,51,Non-Binary,53,33.42,2,Credit Card,Standard,South,0
CUST1943,64,Male,8,24.35,1,Credit Card,Standard,North,1
CUST1944,25,Male,35,24.44,5,Credit Card,Basic,East,0
CUST1945,57,Male,19,16.34,3,Credit Card,Premium,East,0
CUST1946,61,Non-Binary,30,26.71,4,Bank Transfer,Basic,South,1
CUST1947,36,Non-Binary,14,69.78,2,PayPal,Standard,West,0
CUST1948,59,Female,59,89.35,1,PayPal,Standard,East,1
CUST1949,58,Female,20,83.27,1,Bank Transfer,Premium,North,0
CUST1950,54,Female,49,71.66,2,Credit Card,Basic,West,0
CUST1951,23,Female,25,19.94,1,PayPal,Standard,West,0
CUST1952,43,Male,40,36.03,2,PayPal,Standard,East,0
CUST1953,51,Female,24,37.88,2,Bank Transfer,Standard,South,0
CUST1954,62,Male,14,32.5,1,Credit Card,Basic,West,1
CUST1955,23,Female,26,56.35,1,PayPal,Basic,South,0
CUST1956,54,Female,38,58.2,1,Credit Card,Basic,East,0
CUST1957,50,Female,23,42.12,3,PayPal,Standard,North,1
CUST1958,39,Male,22,41.84,1,Bank Transfer,Basic,West,0
CUST1959,38,Male,48,84.57,2,Credit Card,Standard,North,0
CUST1960,23,Male,57,81.04,3,Bank Transfer,Basic,South,1
CUST1961,23,Male,19,37.7,1,PayPal,Premium,South,0
CUST1962,65,Male,46,92.24,0,Bank Transfer,Premium,North,0
CUST1963,21,Non-Binary,51,95.75,3,Bank Transfer,Standard,East,0
CUST1964,47,Female,3,39.41,2,Bank Transfer,Standard,East,1
CUST1965,28,Male,42,41.9,1,PayPal,Basic,West,0
CUST1966,47,Male,19,55.51,2,Credit Card,Basic,West,1
CUST1967,48,Male,9,94.7,0,Bank Transfer,Basic,East,0
CUST1968,41,Female,28,88.87,0,Credit Card,Standard,East,0
CUST1969,26,Female,20,19.23,0,PayPal,Standard,North,1
CUST1970,20,Non-Binary,45,45.35,2,Credit Card,Premium,South,0
CUST1971,48,Female,7,59.8,0,Bank Transfer,Standard,South,0
CUST1972,57,Non-Binary,14,55.28,2,Bank Transfer,Standard,West,0
CUST1973,54,Female,9,27.45,1,Bank Transfer,Standard,East,1
CUST1974,53,Male,59,87.29,1,Bank Transfer,Standard,North,0
CUST1975,41,Non-Binary,60,70.92,3,Bank Transfer,Basic,West,0
CUST1976,48,Male,55,85.41,1,Bank Transfer,Standard,North,0
CUST1977,23,Female,57,87.29,1,PayPal,Standard,East,0
CUST1978,19,Male,60,77.35,0,PayPal,Standard,East,0
CUST1979,37,Female,19,49.53,4,PayPal,Premium,East,1
CUST1980,45,Female,47,64.95,0,Credit Card,Standard,South,0
CUST1981,28,Female,52,24.43,4,Credit Card,Basic,East,1
CUST1982,21,Female,14,70.63,1,PayPal,Standard,West,0
CUST1983,32,Male,56,26.13,2,Credit Card,Standard,South,0
CUST1984,23,Male,38,72.46,1,Credit Card,Basic,North,0
CUST1985,47,Male,53,30.66,1,Bank Transfer,Standard,West,1
CUST1986,55,Male,36,20.58,1,Bank Transfer,Premium,West,0
CUST1987,19,Female,40,24.88,1,Credit Card,Premium,North,0
CUST1988,32,Male,17,10.18,1,Credit Card,Basic,South,1
CUST1989,28,Non-Binary,30,74.69,1,PayPal,Premium,West,0
CUST1990,25,Female,9,75.92,0,Credit Card,Standard,West,1
CUST1991,43,Female,33,56.34,3,Bank Transfer,Standard,West,1
CUST1992,62,Male,56,24.52,1,Credit Card,Standard,South,0
CUST1993,61,Female,52,17.52,0,PayPal,Premium,South,0
CUST1994,22,Non-Binary,25,11.72,3,Bank Transfer,Standard,South,1
CUST1995,23,Female,14,24.92,1,Bank Transfer,Standard,West,0
CUST1996,43,Female,11,90.18,2,Bank Transfer,Standard,East,1
CUST1997,21,Female,53,31.74,1,Bank Transfer,Standard,North,0
CUST1998,36,Male,35,41.88,2,Credit Card,Basic,East,0
CUST1999,37,Female,41,19.48,1,PayPal,Premium,South,0
